Model,Train_MAE,Test_MAE,Train_RMSE,Test_RMSE,Train_R2,Test_R2,Train_MAPE,Test_MAPE,Training_Time,Overfit_Score,CV_MAE,CV_STD,Tuning_Time,Best_Params
Random Forest,265.86561995201663,623.9582595120545,577.7796543207786,1170.6867575897484,0.9844952448371567,0.9341515442200126,3.0219404034688266,7.101772469217539,0.5680291652679443,0.050343700617144105,,,,
XGBoost,498.44561767578125,719.232421875,756.228016209397,1149.5959072648093,0.9734389185905457,0.9365028142929077,6.1873894184827805,8.377129584550858,0.31127047538757324,0.03693610429763794,,,,
CatBoost,756.0473752980805,850.9041512130117,1118.843417056795,1372.471215712516,0.9418594621426801,0.909495395888186,9.205251304898455,9.815970720247222,0.4770636558532715,0.03236406625449417,,,,
LightGBM,787.2609583790495,888.6310074901381,1251.0249925376288,1563.7978704049513,0.92731038056549,0.882503368001803,9.529771454158729,10.27964232540235,0.12011241912841797,0.04480701256368702,,,,
Gradient Boosting,1185.5848413400997,1165.23204652462,1683.0698794512864,1683.3163523227672,0.8684336825653187,0.8638568898206023,14.312579453066224,13.79916303934587,1.198354721069336,0.004576792744716451,,,,
XGBoost,189.42208862304688,605.7288208007812,371.8036696295506,1104.383651635608,0.9935795068740845,0.941399097442627,2.448076009750366,7.029826194047928,,0.05218040943145752,687.4060913085938,23.547059107834656,254.54797625541687,"{'subsample': 0.8, 'reg_lambda': 0.5, 'reg_alpha': 0.5, 'n_estimators': 1500, 'min_child_weight': 1, 'max_depth': 10, 'learning_rate': 0.01, 'gamma': 0.2, 'colsample_bytree': 0.8}"
Random Forest,262.4889813248414,624.9097715629013,565.7044112029802,1169.9760705330104,0.9851365524918065,0.9342314689996131,2.9798754553218614,7.097496140593619,,0.05090508349219347,707.5291558236038,17.65782769022703,208.13765287399292,"{'n_estimators': 500, 'min_samples_split': 2, 'min_samples_leaf': 1, 'max_features': None, 'max_depth': None, 'bootstrap': True}"
CatBoost,223.31596892552662,639.2863476631796,410.1856323972571,1161.4616306061534,0.9921854979100252,0.9351852399350369,2.8457999099935436,7.397340108265181,,0.05700025797498831,723.0042862893463,19.265879211909986,436.6331889629364,"{'learning_rate': 0.1, 'l2_leaf_reg': 5, 'iterations': 1500, 'depth': 10, 'border_count': 128, 'bagging_temperature': 0.5}"
